filename,label
crazing_crazing_91.jpg,crazing
patches_patches_229.jpg,patches
patches_patches_51.jpg,patches
pitted_surface_pitted_surface_76.jpg,pitted_surface
inclusion_inclusion_124.jpg,inclusion
rolled-in_scale_rolled-in_scale_198.jpg,rolled-in_scale
crazing_crazing_209.jpg,crazing
scratches_scratches_154.jpg,scratches
rolled-in_scale_rolled-in_scale_20.jpg,rolled-in_scale
patches_patches_28.jpg,patches
patches_patches_103.jpg,patches
inclusion_inclusion_184.jpg,inclusion
rolled-in_scale_rolled-in_scale_238.jpg,rolled-in_scale
patches_patches_7.jpg,patches
crazing_crazing_37.jpg,crazing
pitted_surface_pitted_surface_42.jpg,pitted_surface
patches_patches_168.jpg,patches
crazing_crazing_196.jpg,crazing
pitted_surface_pitted_surface_206.jpg,pitted_surface
inclusion_inclusion_54.jpg,inclusion
pitted_surface_pitted_surface_51.jpg,pitted_surface
inclusion_inclusion_136.jpg,inclusion
patches_patches_81.jpg,patches
patches_patches_127.jpg,patches
patches_patches_39.jpg,patches
crazing_crazing_36.jpg,crazing
patches_patches_130.jpg,patches
rolled-in_scale_rolled-in_scale_58.jpg,rolled-in_scale
patches_patches_3.jpg,patches
inclusion_inclusion_96.jpg,inclusion
rolled-in_scale_rolled-in_scale_105.jpg,rolled-in_scale
inclusion_inclusion_213.jpg,inclusion
inclusion_inclusion_237.jpg,inclusion
inclusion_inclusion_215.jpg,inclusion
inclusion_inclusion_56.jpg,inclusion
scratches_scratches_60.jpg,scratches
crazing_crazing_148.jpg,crazing
rolled-in_scale_rolled-in_scale_157.jpg,rolled-in_scale
crazing_crazing_42.jpg,crazing
scratches_scratches_234.jpg,scratches
scratches_scratches_145.jpg,scratches
rolled-in_scale_rolled-in_scale_119.jpg,rolled-in_scale
rolled-in_scale_rolled-in_scale_155.jpg,rolled-in_scale
pitted_surface_pitted_surface_239.jpg,pitted_surface
patches_patches_61.jpg,patches
patches_patches_146.jpg,patches
inclusion_inclusion_166.jpg,inclusion
inclusion_inclusion_223.jpg,inclusion
patches_patches_78.jpg,patches
scratches_scratches_67.jpg,scratches
scratches_scratches_31.jpg,scratches
inclusion_inclusion_174.jpg,inclusion
scratches_scratches_81.jpg,scratches
pitted_surface_pitted_surface_148.jpg,pitted_surface
patches_patches_62.jpg,patches
scratches_scratches_22.jpg,scratches
crazing_crazing_164.jpg,crazing
inclusion_inclusion_200.jpg,inclusion
pitted_surface_pitted_surface_226.jpg,pitted_surface
inclusion_inclusion_79.jpg,inclusion
scratches_scratches_27.jpg,scratches
crazing_crazing_18.jpg,crazing
crazing_crazing_1.jpg,crazing
crazing_crazing_133.jpg,crazing
inclusion_inclusion_81.jpg,inclusion
pitted_surface_pitted_surface_22.jpg,pitted_surface
scratches_scratches_126.jpg,scratches
pitted_surface_pitted_surface_5.jpg,pitted_surface
rolled-in_scale_rolled-in_scale_66.jpg,rolled-in_scale
crazing_crazing_54.jpg,crazing
inclusion_inclusion_168.jpg,inclusion
patches_patches_165.jpg,patches
inclusion_inclusion_91.jpg,inclusion
patches_patches_222.jpg,patches
patches_patches_90.jpg,patches
crazing_crazing_217.jpg,crazing
scratches_scratches_77.jpg,scratches
inclusion_inclusion_177.jpg,inclusion
inclusion_inclusion_170.jpg,inclusion
crazing_crazing_158.jpg,crazing
rolled-in_scale_rolled-in_scale_64.jpg,rolled-in_scale
inclusion_inclusion_85.jpg,inclusion
scratches_scratches_217.jpg,scratches
crazing_crazing_108.jpg,crazing
rolled-in_scale_rolled-in_scale_187.jpg,rolled-in_scale
scratches_scratches_14.jpg,scratches
scratches_scratches_15.jpg,scratches
inclusion_inclusion_100.jpg,inclusion
inclusion_inclusion_151.jpg,inclusion
scratches_scratches_102.jpg,scratches
crazing_crazing_159.jpg,crazing
pitted_surface_pitted_surface_145.jpg,pitted_surface
rolled-in_scale_rolled-in_scale_145.jpg,rolled-in_scale
inclusion_inclusion_25.jpg,inclusion
pitted_surface_pitted_surface_126.jpg,pitted_surface
crazing_crazing_86.jpg,crazing
rolled-in_scale_rolled-in_scale_163.jpg,rolled-in_scale
inclusion_inclusion_179.jpg,inclusion
pitted_surface_pitted_surface_98.jpg,pitted_surface
pitted_surface_pitted_surface_53.jpg,pitted_surface
rolled-in_scale_rolled-in_scale_193.jpg,rolled-in_scale
patches_patches_137.jpg,patches
scratches_scratches_75.jpg,scratches
patches_patches_194.jpg,patches
pitted_surface_pitted_surface_222.jpg,pitted_surface
pitted_surface_pitted_surface_6.jpg,pitted_surface
inclusion_inclusion_49.jpg,inclusion
crazing_crazing_15.jpg,crazing
pitted_surface_pitted_surface_48.jpg,pitted_surface
scratches_scratches_139.jpg,scratches
scratches_scratches_50.jpg,scratches
inclusion_inclusion_220.jpg,inclusion
scratches_scratches_185.jpg,scratches
patches_patches_135.jpg,patches
scratches_scratches_164.jpg,scratches
patches_patches_9.jpg,patches
patches_patches_199.jpg,patches
inclusion_inclusion_28.jpg,inclusion
inclusion_inclusion_4.jpg,inclusion
inclusion_inclusion_12.jpg,inclusion
crazing_crazing_226.jpg,crazing
scratches_scratches_23.jpg,scratches
rolled-in_scale_rolled-in_scale_32.jpg,rolled-in_scale
inclusion_inclusion_115.jpg,inclusion
scratches_scratches_201.jpg,scratches
pitted_surface_pitted_surface_203.jpg,pitted_surface
patches_patches_40.jpg,patches
inclusion_inclusion_187.jpg,inclusion
rolled-in_scale_rolled-in_scale_94.jpg,rolled-in_scale
pitted_surface_pitted_surface_39.jpg,pitted_surface
scratches_scratches_155.jpg,scratches
scratches_scratches_175.jpg,scratches
scratches_scratches_58.jpg,scratches
pitted_surface_pitted_surface_29.jpg,pitted_surface
rolled-in_scale_rolled-in_scale_65.jpg,rolled-in_scale
rolled-in_scale_rolled-in_scale_168.jpg,rolled-in_scale
scratches_scratches_101.jpg,scratches
inclusion_inclusion_77.jpg,inclusion
pitted_surface_pitted_surface_34.jpg,pitted_surface
crazing_crazing_220.jpg,crazing
scratches_scratches_19.jpg,scratches
rolled-in_scale_rolled-in_scale_202.jpg,rolled-in_scale
pitted_surface_pitted_surface_103.jpg,pitted_surface
crazing_crazing_74.jpg,crazing
rolled-in_scale_rolled-in_scale_79.jpg,rolled-in_scale
patches_patches_44.jpg,patches
inclusion_inclusion_37.jpg,inclusion
pitted_surface_pitted_surface_56.jpg,pitted_surface
crazing_crazing_41.jpg,crazing
pitted_surface_pitted_surface_11.jpg,pitted_surface
pitted_surface_pitted_surface_227.jpg,pitted_surface
rolled-in_scale_rolled-in_scale_92.jpg,rolled-in_scale
patches_patches_196.jpg,patches
inclusion_inclusion_109.jpg,inclusion
scratches_scratches_208.jpg,scratches
patches_patches_192.jpg,patches
crazing_crazing_29.jpg,crazing
crazing_crazing_144.jpg,crazing
crazing_crazing_146.jpg,crazing
scratches_scratches_204.jpg,scratches
pitted_surface_pitted_surface_200.jpg,pitted_surface
scratches_scratches_221.jpg,scratches
pitted_surface_pitted_surface_66.jpg,pitted_surface
scratches_scratches_115.jpg,scratches
crazing_crazing_179.jpg,crazing
patches_patches_113.jpg,patches
patches_patches_83.jpg,patches
crazing_crazing_68.jpg,crazing
pitted_surface_pitted_surface_208.jpg,pitted_surface
inclusion_inclusion_117.jpg,inclusion
pitted_surface_pitted_surface_7.jpg,pitted_surface
crazing_crazing_96.jpg,crazing
patches_patches_86.jpg,patches
scratches_scratches_85.jpg,scratches
pitted_surface_pitted_surface_119.jpg,pitted_surface
pitted_surface_pitted_surface_234.jpg,pitted_surface
rolled-in_scale_rolled-in_scale_199.jpg,rolled-in_scale
patches_patches_240.jpg,patches
pitted_surface_pitted_surface_198.jpg,pitted_surface
patches_patches_233.jpg,patches
rolled-in_scale_rolled-in_scale_146.jpg,rolled-in_scale
rolled-in_scale_rolled-in_scale_37.jpg,rolled-in_scale
patches_patches_145.jpg,patches
pitted_surface_pitted_surface_236.jpg,pitted_surface
scratches_scratches_206.jpg,scratches
scratches_scratches_104.jpg,scratches
patches_patches_11.jpg,patches
rolled-in_scale_rolled-in_scale_203.jpg,rolled-in_scale
rolled-in_scale_rolled-in_scale_174.jpg,rolled-in_scale
rolled-in_scale_rolled-in_scale_113.jpg,rolled-in_scale
crazing_crazing_53.jpg,crazing
scratches_scratches_190.jpg,scratches
patches_patches_98.jpg,patches
patches_patches_92.jpg,patches
rolled-in_scale_rolled-in_scale_149.jpg,rolled-in_scale
patches_patches_142.jpg,patches
pitted_surface_pitted_surface_38.jpg,pitted_surface
scratches_scratches_73.jpg,scratches
inclusion_inclusion_138.jpg,inclusion
rolled-in_scale_rolled-in_scale_179.jpg,rolled-in_scale
crazing_crazing_90.jpg,crazing
inclusion_inclusion_143.jpg,inclusion
scratches_scratches_232.jpg,scratches
scratches_scratches_223.jpg,scratches
patches_patches_5.jpg,patches
crazing_crazing_155.jpg,crazing
inclusion_inclusion_161.jpg,inclusion
pitted_surface_pitted_surface_154.jpg,pitted_surface
patches_patches_31.jpg,patches
crazing_crazing_10.jpg,crazing
scratches_scratches_236.jpg,scratches
patches_patches_63.jpg,patches
patches_patches_189.jpg,patches
rolled-in_scale_rolled-in_scale_29.jpg,rolled-in_scale
inclusion_inclusion_178.jpg,inclusion
patches_patches_140.jpg,patches
scratches_scratches_199.jpg,scratches
patches_patches_93.jpg,patches
scratches_scratches_21.jpg,scratches
pitted_surface_pitted_surface_52.jpg,pitted_surface
pitted_surface_pitted_surface_141.jpg,pitted_surface
crazing_crazing_168.jpg,crazing
pitted_surface_pitted_surface_73.jpg,pitted_surface
inclusion_inclusion_73.jpg,inclusion
rolled-in_scale_rolled-in_scale_135.jpg,rolled-in_scale
inclusion_inclusion_163.jpg,inclusion
patches_patches_212.jpg,patches
rolled-in_scale_rolled-in_scale_143.jpg,rolled-in_scale
patches_patches_88.jpg,patches
inclusion_inclusion_45.jpg,inclusion
pitted_surface_pitted_surface_165.jpg,pitted_surface
inclusion_inclusion_58.jpg,inclusion
crazing_crazing_67.jpg,crazing
scratches_scratches_12.jpg,scratches
rolled-in_scale_rolled-in_scale_12.jpg,rolled-in_scale
crazing_crazing_228.jpg,crazing
crazing_crazing_121.jpg,crazing
inclusion_inclusion_191.jpg,inclusion
rolled-in_scale_rolled-in_scale_188.jpg,rolled-in_scale
scratches_scratches_205.jpg,scratches
rolled-in_scale_rolled-in_scale_80.jpg,rolled-in_scale
inclusion_inclusion_19.jpg,inclusion
crazing_crazing_186.jpg,crazing
pitted_surface_pitted_surface_13.jpg,pitted_surface
inclusion_inclusion_86.jpg,inclusion
scratches_scratches_238.jpg,scratches
pitted_surface_pitted_surface_186.jpg,pitted_surface
pitted_surface_pitted_surface_223.jpg,pitted_surface
crazing_crazing_218.jpg,crazing
crazing_crazing_28.jpg,crazing
scratches_scratches_17.jpg,scratches
patches_patches_166.jpg,patches
crazing_crazing_72.jpg,crazing
inclusion_inclusion_189.jpg,inclusion
pitted_surface_pitted_surface_115.jpg,pitted_surface
inclusion_inclusion_15.jpg,inclusion
patches_patches_18.jpg,patches
scratches_scratches_152.jpg,scratches
scratches_scratches_116.jpg,scratches
inclusion_inclusion_44.jpg,inclusion
inclusion_inclusion_221.jpg,inclusion
inclusion_inclusion_22.jpg,inclusion
rolled-in_scale_rolled-in_scale_21.jpg,rolled-in_scale
pitted_surface_pitted_surface_45.jpg,pitted_surface
pitted_surface_pitted_surface_142.jpg,pitted_surface
rolled-in_scale_rolled-in_scale_153.jpg,rolled-in_scale
rolled-in_scale_rolled-in_scale_45.jpg,rolled-in_scale
patches_patches_58.jpg,patches
scratches_scratches_63.jpg,scratches
rolled-in_scale_rolled-in_scale_124.jpg,rolled-in_scale
crazing_crazing_24.jpg,crazing
patches_patches_200.jpg,patches
crazing_crazing_71.jpg,crazing
pitted_surface_pitted_surface_85.jpg,pitted_surface
patches_patches_77.jpg,patches
patches_patches_59.jpg,patches
patches_patches_128.jpg,patches
patches_patches_143.jpg,patches
patches_patches_10.jpg,patches
crazing_crazing_83.jpg,crazing
patches_patches_87.jpg,patches
scratches_scratches_70.jpg,scratches
scratches_scratches_108.jpg,scratches
rolled-in_scale_rolled-in_scale_10.jpg,rolled-in_scale
inclusion_inclusion_31.jpg,inclusion
patches_patches_66.jpg,patches
rolled-in_scale_rolled-in_scale_83.jpg,rolled-in_scale
scratches_scratches_212.jpg,scratches
rolled-in_scale_rolled-in_scale_88.jpg,rolled-in_scale
crazing_crazing_211.jpg,crazing
crazing_crazing_23.jpg,crazing
crazing_crazing_131.jpg,crazing
crazing_crazing_130.jpg,crazing
patches_patches_6.jpg,patches
crazing_crazing_124.jpg,crazing
pitted_surface_pitted_surface_171.jpg,pitted_surface
scratches_scratches_41.jpg,scratches
crazing_crazing_219.jpg,crazing
rolled-in_scale_rolled-in_scale_110.jpg,rolled-in_scale
crazing_crazing_106.jpg,crazing
rolled-in_scale_rolled-in_scale_118.jpg,rolled-in_scale
patches_patches_30.jpg,patches
pitted_surface_pitted_surface_219.jpg,pitted_surface
inclusion_inclusion_132.jpg,inclusion
crazing_crazing_14.jpg,crazing
patches_patches_105.jpg,patches
inclusion_inclusion_97.jpg,inclusion
scratches_scratches_184.jpg,scratches
rolled-in_scale_rolled-in_scale_103.jpg,rolled-in_scale
scratches_scratches_13.jpg,scratches
rolled-in_scale_rolled-in_scale_18.jpg,rolled-in_scale
scratches_scratches_151.jpg,scratches
crazing_crazing_173.jpg,crazing
patches_patches_124.jpg,patches
patches_patches_111.jpg,patches
crazing_crazing_160.jpg,crazing
scratches_scratches_150.jpg,scratches
scratches_scratches_57.jpg,scratches
scratches_scratches_183.jpg,scratches
rolled-in_scale_rolled-in_scale_164.jpg,rolled-in_scale
pitted_surface_pitted_surface_167.jpg,pitted_surface
rolled-in_scale_rolled-in_scale_205.jpg,rolled-in_scale
rolled-in_scale_rolled-in_scale_196.jpg,rolled-in_scale
scratches_scratches_134.jpg,scratches
pitted_surface_pitted_surface_104.jpg,pitted_surface
pitted_surface_pitted_surface_143.jpg,pitted_surface
scratches_scratches_54.jpg,scratches
patches_patches_225.jpg,patches
crazing_crazing_171.jpg,crazing
pitted_surface_pitted_surface_68.jpg,pitted_surface
patches_patches_117.jpg,patches
inclusion_inclusion_231.jpg,inclusion
pitted_surface_pitted_surface_60.jpg,pitted_surface
rolled-in_scale_rolled-in_scale_183.jpg,rolled-in_scale
inclusion_inclusion_153.jpg,inclusion
crazing_crazing_198.jpg,crazing
pitted_surface_pitted_surface_116.jpg,pitted_surface
scratches_scratches_220.jpg,scratches
inclusion_inclusion_219.jpg,inclusion
patches_patches_26.jpg,patches
inclusion_inclusion_29.jpg,inclusion
crazing_crazing_43.jpg,crazing
inclusion_inclusion_83.jpg,inclusion
pitted_surface_pitted_surface_193.jpg,pitted_surface
patches_patches_67.jpg,patches
pitted_surface_pitted_surface_71.jpg,pitted_surface
pitted_surface_pitted_surface_131.jpg,pitted_surface
patches_patches_70.jpg,patches
pitted_surface_pitted_surface_9.jpg,pitted_surface
scratches_scratches_161.jpg,scratches
patches_patches_186.jpg,patches
pitted_surface_pitted_surface_153.jpg,pitted_surface
crazing_crazing_87.jpg,crazing
pitted_surface_pitted_surface_228.jpg,pitted_surface
rolled-in_scale_rolled-in_scale_213.jpg,rolled-in_scale
inclusion_inclusion_5.jpg,inclusion
crazing_crazing_139.jpg,crazing
inclusion_inclusion_160.jpg,inclusion
patches_patches_129.jpg,patches
patches_patches_57.jpg,patches
scratches_scratches_180.jpg,scratches
inclusion_inclusion_102.jpg,inclusion
crazing_crazing_140.jpg,crazing
rolled-in_scale_rolled-in_scale_75.jpg,rolled-in_scale
patches_patches_195.jpg,patches
crazing_crazing_6.jpg,crazing
rolled-in_scale_rolled-in_scale_184.jpg,rolled-in_scale
inclusion_inclusion_27.jpg,inclusion
pitted_surface_pitted_surface_214.jpg,pitted_surface
pitted_surface_pitted_surface_4.jpg,pitted_surface
scratches_scratches_24.jpg,scratches
rolled-in_scale_rolled-in_scale_225.jpg,rolled-in_scale
rolled-in_scale_rolled-in_scale_191.jpg,rolled-in_scale
inclusion_inclusion_206.jpg,inclusion
scratches_scratches_222.jpg,scratches
scratches_scratches_110.jpg,scratches
crazing_crazing_127.jpg,crazing
patches_patches_20.jpg,patches
inclusion_inclusion_194.jpg,inclusion
pitted_surface_pitted_surface_197.jpg,pitted_surface
pitted_surface_pitted_surface_160.jpg,pitted_surface
patches_patches_150.jpg,patches
pitted_surface_pitted_surface_19.jpg,pitted_surface
inclusion_inclusion_114.jpg,inclusion
crazing_crazing_61.jpg,crazing
pitted_surface_pitted_surface_101.jpg,pitted_surface
inclusion_inclusion_6.jpg,inclusion
patches_patches_37.jpg,patches
patches_patches_201.jpg,patches
pitted_surface_pitted_surface_111.jpg,pitted_surface
rolled-in_scale_rolled-in_scale_224.jpg,rolled-in_scale
patches_patches_159.jpg,patches
scratches_scratches_80.jpg,scratches
scratches_scratches_195.jpg,scratches
rolled-in_scale_rolled-in_scale_52.jpg,rolled-in_scale
rolled-in_scale_rolled-in_scale_226.jpg,rolled-in_scale
rolled-in_scale_rolled-in_scale_57.jpg,rolled-in_scale
rolled-in_scale_rolled-in_scale_34.jpg,rolled-in_scale
crazing_crazing_229.jpg,crazing
patches_patches_141.jpg,patches
patches_patches_110.jpg,patches
inclusion_inclusion_137.jpg,inclusion
rolled-in_scale_rolled-in_scale_17.jpg,rolled-in_scale
pitted_surface_pitted_surface_238.jpg,pitted_surface
pitted_surface_pitted_surface_23.jpg,pitted_surface
rolled-in_scale_rolled-in_scale_56.jpg,rolled-in_scale
patches_patches_123.jpg,patches
scratches_scratches_112.jpg,scratches
crazing_crazing_93.jpg,crazing
crazing_crazing_122.jpg,crazing
crazing_crazing_101.jpg,crazing
patches_patches_152.jpg,patches
crazing_crazing_117.jpg,crazing
crazing_crazing_50.jpg,crazing
pitted_surface_pitted_surface_46.jpg,pitted_surface
scratches_scratches_30.jpg,scratches
pitted_surface_pitted_surface_213.jpg,pitted_surface
scratches_scratches_142.jpg,scratches
scratches_scratches_106.jpg,scratches
pitted_surface_pitted_surface_65.jpg,pitted_surface
crazing_crazing_205.jpg,crazing
inclusion_inclusion_165.jpg,inclusion
scratches_scratches_186.jpg,scratches
scratches_scratches_227.jpg,scratches
patches_patches_224.jpg,patches
inclusion_inclusion_101.jpg,inclusion
inclusion_inclusion_122.jpg,inclusion
scratches_scratches_9.jpg,scratches
pitted_surface_pitted_surface_134.jpg,pitted_surface
crazing_crazing_208.jpg,crazing
inclusion_inclusion_212.jpg,inclusion
rolled-in_scale_rolled-in_scale_86.jpg,rolled-in_scale
patches_patches_230.jpg,patches
rolled-in_scale_rolled-in_scale_40.jpg,rolled-in_scale
rolled-in_scale_rolled-in_scale_38.jpg,rolled-in_scale
scratches_scratches_228.jpg,scratches
rolled-in_scale_rolled-in_scale_220.jpg,rolled-in_scale
inclusion_inclusion_32.jpg,inclusion
inclusion_inclusion_69.jpg,inclusion
rolled-in_scale_rolled-in_scale_9.jpg,rolled-in_scale
inclusion_inclusion_128.jpg,inclusion
patches_patches_211.jpg,patches
patches_patches_76.jpg,patches
inclusion_inclusion_158.jpg,inclusion
rolled-in_scale_rolled-in_scale_2.jpg,rolled-in_scale
pitted_surface_pitted_surface_35.jpg,pitted_surface
scratches_scratches_125.jpg,scratches
scratches_scratches_4.jpg,scratches
crazing_crazing_118.jpg,crazing
patches_patches_47.jpg,patches
pitted_surface_pitted_surface_105.jpg,pitted_surface
patches_patches_53.jpg,patches
scratches_scratches_137.jpg,scratches
crazing_crazing_123.jpg,crazing
rolled-in_scale_rolled-in_scale_43.jpg,rolled-in_scale
rolled-in_scale_rolled-in_scale_93.jpg,rolled-in_scale
inclusion_inclusion_70.jpg,inclusion
crazing_crazing_48.jpg,crazing
rolled-in_scale_rolled-in_scale_97.jpg,rolled-in_scale
pitted_surface_pitted_surface_155.jpg,pitted_surface
patches_patches_227.jpg,patches
pitted_surface_pitted_surface_175.jpg,pitted_surface
patches_patches_48.jpg,patches
scratches_scratches_169.jpg,scratches
scratches_scratches_119.jpg,scratches
rolled-in_scale_rolled-in_scale_87.jpg,rolled-in_scale
inclusion_inclusion_159.jpg,inclusion
rolled-in_scale_rolled-in_scale_230.jpg,rolled-in_scale
pitted_surface_pitted_surface_125.jpg,pitted_surface
crazing_crazing_79.jpg,crazing
crazing_crazing_210.jpg,crazing
pitted_surface_pitted_surface_138.jpg,pitted_surface
pitted_surface_pitted_surface_118.jpg,pitted_surface
inclusion_inclusion_239.jpg,inclusion
rolled-in_scale_rolled-in_scale_90.jpg,rolled-in_scale
crazing_crazing_200.jpg,crazing
inclusion_inclusion_144.jpg,inclusion
inclusion_inclusion_106.jpg,inclusion
rolled-in_scale_rolled-in_scale_55.jpg,rolled-in_scale
scratches_scratches_130.jpg,scratches
patches_patches_156.jpg,patches
pitted_surface_pitted_surface_189.jpg,pitted_surface
rolled-in_scale_rolled-in_scale_223.jpg,rolled-in_scale
patches_patches_101.jpg,patches
scratches_scratches_224.jpg,scratches
pitted_surface_pitted_surface_95.jpg,pitted_surface
patches_patches_112.jpg,patches
rolled-in_scale_rolled-in_scale_140.jpg,rolled-in_scale
crazing_crazing_188.jpg,crazing
crazing_crazing_138.jpg,crazing
inclusion_inclusion_47.jpg,inclusion
inclusion_inclusion_222.jpg,inclusion
pitted_surface_pitted_surface_166.jpg,pitted_surface
rolled-in_scale_rolled-in_scale_16.jpg,rolled-in_scale
crazing_crazing_224.jpg,crazing
scratches_scratches_144.jpg,scratches
scratches_scratches_233.jpg,scratches
patches_patches_226.jpg,patches
crazing_crazing_65.jpg,crazing
inclusion_inclusion_89.jpg,inclusion
rolled-in_scale_rolled-in_scale_229.jpg,rolled-in_scale
pitted_surface_pitted_surface_140.jpg,pitted_surface
inclusion_inclusion_23.jpg,inclusion
patches_patches_215.jpg,patches
crazing_crazing_206.jpg,crazing
rolled-in_scale_rolled-in_scale_53.jpg,rolled-in_scale
inclusion_inclusion_181.jpg,inclusion
inclusion_inclusion_162.jpg,inclusion
inclusion_inclusion_186.jpg,inclusion
pitted_surface_pitted_surface_139.jpg,pitted_surface
scratches_scratches_76.jpg,scratches
patches_patches_119.jpg,patches
crazing_crazing_63.jpg,crazing
scratches_scratches_53.jpg,scratches
patches_patches_12.jpg,patches
scratches_scratches_103.jpg,scratches
pitted_surface_pitted_surface_218.jpg,pitted_surface
inclusion_inclusion_111.jpg,inclusion
rolled-in_scale_rolled-in_scale_172.jpg,rolled-in_scale
pitted_surface_pitted_surface_20.jpg,pitted_surface
pitted_surface_pitted_surface_149.jpg,pitted_surface
pitted_surface_pitted_surface_212.jpg,pitted_surface
scratches_scratches_194.jpg,scratches
rolled-in_scale_rolled-in_scale_152.jpg,rolled-in_scale
pitted_surface_pitted_surface_183.jpg,pitted_surface
inclusion_inclusion_224.jpg,inclusion
inclusion_inclusion_75.jpg,inclusion
pitted_surface_pitted_surface_157.jpg,pitted_surface
scratches_scratches_171.jpg,scratches
inclusion_inclusion_48.jpg,inclusion
crazing_crazing_207.jpg,crazing
patches_patches_38.jpg,patches
inclusion_inclusion_53.jpg,inclusion
pitted_surface_pitted_surface_54.jpg,pitted_surface
scratches_scratches_157.jpg,scratches
crazing_crazing_181.jpg,crazing
crazing_crazing_145.jpg,crazing
scratches_scratches_78.jpg,scratches
patches_patches_126.jpg,patches
scratches_scratches_98.jpg,scratches
rolled-in_scale_rolled-in_scale_151.jpg,rolled-in_scale
crazing_crazing_89.jpg,crazing
patches_patches_84.jpg,patches
pitted_surface_pitted_surface_170.jpg,pitted_surface
pitted_surface_pitted_surface_79.jpg,pitted_surface
patches_patches_109.jpg,patches
inclusion_inclusion_116.jpg,inclusion
pitted_surface_pitted_surface_159.jpg,pitted_surface
inclusion_inclusion_74.jpg,inclusion
inclusion_inclusion_43.jpg,inclusion
patches_patches_4.jpg,patches
patches_patches_73.jpg,patches
rolled-in_scale_rolled-in_scale_98.jpg,rolled-in_scale
scratches_scratches_210.jpg,scratches
crazing_crazing_221.jpg,crazing
pitted_surface_pitted_surface_10.jpg,pitted_surface
rolled-in_scale_rolled-in_scale_106.jpg,rolled-in_scale
crazing_crazing_170.jpg,crazing
pitted_surface_pitted_surface_128.jpg,pitted_surface
patches_patches_42.jpg,patches
pitted_surface_pitted_surface_216.jpg,pitted_surface
crazing_crazing_180.jpg,crazing
crazing_crazing_116.jpg,crazing
rolled-in_scale_rolled-in_scale_72.jpg,rolled-in_scale
rolled-in_scale_rolled-in_scale_142.jpg,rolled-in_scale
scratches_scratches_56.jpg,scratches
pitted_surface_pitted_surface_217.jpg,pitted_surface
inclusion_inclusion_210.jpg,inclusion
rolled-in_scale_rolled-in_scale_104.jpg,rolled-in_scale
inclusion_inclusion_107.jpg,inclusion
pitted_surface_pitted_surface_21.jpg,pitted_surface
crazing_crazing_214.jpg,crazing
rolled-in_scale_rolled-in_scale_148.jpg,rolled-in_scale
patches_patches_179.jpg,patches
scratches_scratches_109.jpg,scratches
inclusion_inclusion_164.jpg,inclusion
rolled-in_scale_rolled-in_scale_177.jpg,rolled-in_scale
scratches_scratches_86.jpg,scratches
rolled-in_scale_rolled-in_scale_84.jpg,rolled-in_scale
pitted_surface_pitted_surface_136.jpg,pitted_surface
rolled-in_scale_rolled-in_scale_27.jpg,rolled-in_scale
scratches_scratches_38.jpg,scratches
crazing_crazing_51.jpg,crazing
rolled-in_scale_rolled-in_scale_216.jpg,rolled-in_scale
rolled-in_scale_rolled-in_scale_26.jpg,rolled-in_scale
inclusion_inclusion_235.jpg,inclusion
inclusion_inclusion_227.jpg,inclusion
pitted_surface_pitted_surface_146.jpg,pitted_surface
scratches_scratches_203.jpg,scratches
rolled-in_scale_rolled-in_scale_190.jpg,rolled-in_scale
rolled-in_scale_rolled-in_scale_22.jpg,rolled-in_scale
crazing_crazing_203.jpg,crazing
patches_patches_122.jpg,patches
patches_patches_97.jpg,patches
pitted_surface_pitted_surface_190.jpg,pitted_surface
patches_patches_208.jpg,patches
inclusion_inclusion_60.jpg,inclusion
rolled-in_scale_rolled-in_scale_167.jpg,rolled-in_scale
inclusion_inclusion_156.jpg,inclusion
patches_patches_120.jpg,patches
crazing_crazing_97.jpg,crazing
scratches_scratches_225.jpg,scratches
crazing_crazing_227.jpg,crazing
pitted_surface_pitted_surface_195.jpg,pitted_surface
patches_patches_185.jpg,patches
patches_patches_184.jpg,patches
rolled-in_scale_rolled-in_scale_121.jpg,rolled-in_scale
inclusion_inclusion_65.jpg,inclusion
patches_patches_25.jpg,patches
scratches_scratches_117.jpg,scratches
patches_patches_162.jpg,patches
inclusion_inclusion_152.jpg,inclusion
inclusion_inclusion_233.jpg,inclusion
rolled-in_scale_rolled-in_scale_208.jpg,rolled-in_scale
rolled-in_scale_rolled-in_scale_240.jpg,rolled-in_scale
rolled-in_scale_rolled-in_scale_170.jpg,rolled-in_scale
pitted_surface_pitted_surface_181.jpg,pitted_surface
pitted_surface_pitted_surface_88.jpg,pitted_surface
patches_patches_65.jpg,patches
inclusion_inclusion_104.jpg,inclusion
scratches_scratches_99.jpg,scratches
inclusion_inclusion_57.jpg,inclusion
patches_patches_149.jpg,patches
pitted_surface_pitted_surface_14.jpg,pitted_surface
inclusion_inclusion_41.jpg,inclusion
inclusion_inclusion_139.jpg,inclusion
rolled-in_scale_rolled-in_scale_42.jpg,rolled-in_scale
scratches_scratches_62.jpg,scratches
patches_patches_14.jpg,patches
pitted_surface_pitted_surface_91.jpg,pitted_surface
rolled-in_scale_rolled-in_scale_74.jpg,rolled-in_scale
scratches_scratches_93.jpg,scratches
patches_patches_132.jpg,patches
scratches_scratches_69.jpg,scratches
pitted_surface_pitted_surface_61.jpg,pitted_surface
rolled-in_scale_rolled-in_scale_156.jpg,rolled-in_scale
pitted_surface_pitted_surface_112.jpg,pitted_surface
rolled-in_scale_rolled-in_scale_154.jpg,rolled-in_scale
rolled-in_scale_rolled-in_scale_123.jpg,rolled-in_scale
inclusion_inclusion_98.jpg,inclusion
inclusion_inclusion_95.jpg,inclusion
rolled-in_scale_rolled-in_scale_31.jpg,rolled-in_scale
rolled-in_scale_rolled-in_scale_14.jpg,rolled-in_scale
inclusion_inclusion_149.jpg,inclusion
pitted_surface_pitted_surface_199.jpg,pitted_surface
crazing_crazing_236.jpg,crazing
crazing_crazing_192.jpg,crazing
rolled-in_scale_rolled-in_scale_99.jpg,rolled-in_scale
inclusion_inclusion_126.jpg,inclusion
pitted_surface_pitted_surface_172.jpg,pitted_surface
patches_patches_169.jpg,patches
scratches_scratches_66.jpg,scratches
patches_patches_45.jpg,patches
patches_patches_204.jpg,patches
inclusion_inclusion_209.jpg,inclusion
pitted_surface_pitted_surface_74.jpg,pitted_surface
scratches_scratches_55.jpg,scratches
rolled-in_scale_rolled-in_scale_7.jpg,rolled-in_scale
crazing_crazing_190.jpg,crazing
pitted_surface_pitted_surface_62.jpg,pitted_surface
scratches_scratches_123.jpg,scratches
patches_patches_237.jpg,patches
scratches_scratches_143.jpg,scratches
inclusion_inclusion_150.jpg,inclusion
crazing_crazing_46.jpg,crazing
rolled-in_scale_rolled-in_scale_129.jpg,rolled-in_scale
crazing_crazing_238.jpg,crazing
scratches_scratches_127.jpg,scratches
crazing_crazing_26.jpg,crazing
pitted_surface_pitted_surface_31.jpg,pitted_surface
patches_patches_46.jpg,patches
pitted_surface_pitted_surface_99.jpg,pitted_surface
rolled-in_scale_rolled-in_scale_219.jpg,rolled-in_scale
scratches_scratches_168.jpg,scratches
crazing_crazing_57.jpg,crazing
patches_patches_68.jpg,patches
scratches_scratches_128.jpg,scratches
inclusion_inclusion_62.jpg,inclusion
patches_patches_121.jpg,patches
patches_patches_24.jpg,patches
crazing_crazing_20.jpg,crazing
rolled-in_scale_rolled-in_scale_133.jpg,rolled-in_scale
patches_patches_104.jpg,patches
inclusion_inclusion_76.jpg,inclusion
pitted_surface_pitted_surface_96.jpg,pitted_surface
scratches_scratches_45.jpg,scratches
crazing_crazing_5.jpg,crazing
pitted_surface_pitted_surface_77.jpg,pitted_surface
pitted_surface_pitted_surface_121.jpg,pitted_surface
scratches_scratches_68.jpg,scratches
rolled-in_scale_rolled-in_scale_1.jpg,rolled-in_scale
crazing_crazing_84.jpg,crazing
pitted_surface_pitted_surface_147.jpg,pitted_surface
inclusion_inclusion_240.jpg,inclusion
pitted_surface_pitted_surface_156.jpg,pitted_surface
crazing_crazing_105.jpg,crazing
patches_patches_114.jpg,patches
scratches_scratches_211.jpg,scratches
inclusion_inclusion_148.jpg,inclusion
crazing_crazing_126.jpg,crazing
scratches_scratches_191.jpg,scratches
pitted_surface_pitted_surface_113.jpg,pitted_surface
crazing_crazing_62.jpg,crazing
crazing_crazing_49.jpg,crazing
scratches_scratches_37.jpg,scratches
rolled-in_scale_rolled-in_scale_137.jpg,rolled-in_scale
pitted_surface_pitted_surface_184.jpg,pitted_surface
crazing_crazing_109.jpg,crazing
inclusion_inclusion_82.jpg,inclusion
pitted_surface_pitted_surface_132.jpg,pitted_surface
rolled-in_scale_rolled-in_scale_214.jpg,rolled-in_scale
rolled-in_scale_rolled-in_scale_3.jpg,rolled-in_scale
crazing_crazing_103.jpg,crazing
scratches_scratches_182.jpg,scratches
patches_patches_106.jpg,patches
crazing_crazing_25.jpg,crazing
rolled-in_scale_rolled-in_scale_91.jpg,rolled-in_scale
patches_patches_96.jpg,patches
patches_patches_19.jpg,patches
pitted_surface_pitted_surface_123.jpg,pitted_surface
scratches_scratches_79.jpg,scratches
scratches_scratches_174.jpg,scratches
patches_patches_190.jpg,patches
scratches_scratches_91.jpg,scratches
scratches_scratches_140.jpg,scratches
inclusion_inclusion_154.jpg,inclusion
inclusion_inclusion_59.jpg,inclusion
crazing_crazing_174.jpg,crazing
patches_patches_89.jpg,patches
scratches_scratches_96.jpg,scratches
pitted_surface_pitted_surface_27.jpg,pitted_surface
scratches_scratches_235.jpg,scratches
crazing_crazing_45.jpg,crazing
inclusion_inclusion_234.jpg,inclusion
inclusion_inclusion_203.jpg,inclusion
inclusion_inclusion_199.jpg,inclusion
scratches_scratches_71.jpg,scratches
rolled-in_scale_rolled-in_scale_60.jpg,rolled-in_scale
pitted_surface_pitted_surface_92.jpg,pitted_surface
crazing_crazing_73.jpg,crazing
inclusion_inclusion_10.jpg,inclusion
crazing_crazing_151.jpg,crazing
rolled-in_scale_rolled-in_scale_166.jpg,rolled-in_scale
scratches_scratches_83.jpg,scratches
inclusion_inclusion_145.jpg,inclusion
rolled-in_scale_rolled-in_scale_222.jpg,rolled-in_scale
rolled-in_scale_rolled-in_scale_206.jpg,rolled-in_scale
patches_patches_161.jpg,patches
crazing_crazing_12.jpg,crazing
pitted_surface_pitted_surface_225.jpg,pitted_surface
pitted_surface_pitted_surface_124.jpg,pitted_surface
pitted_surface_pitted_surface_93.jpg,pitted_surface
rolled-in_scale_rolled-in_scale_11.jpg,rolled-in_scale
scratches_scratches_213.jpg,scratches
patches_patches_23.jpg,patches
rolled-in_scale_rolled-in_scale_210.jpg,rolled-in_scale
patches_patches_197.jpg,patches
rolled-in_scale_rolled-in_scale_197.jpg,rolled-in_scale
inclusion_inclusion_39.jpg,inclusion
rolled-in_scale_rolled-in_scale_221.jpg,rolled-in_scale
inclusion_inclusion_193.jpg,inclusion
rolled-in_scale_rolled-in_scale_211.jpg,rolled-in_scale
pitted_surface_pitted_surface_235.jpg,pitted_surface
inclusion_inclusion_120.jpg,inclusion
crazing_crazing_120.jpg,crazing
scratches_scratches_193.jpg,scratches
pitted_surface_pitted_surface_207.jpg,pitted_surface
pitted_surface_pitted_surface_8.jpg,pitted_surface
pitted_surface_pitted_surface_90.jpg,pitted_surface
patches_patches_94.jpg,patches
crazing_crazing_112.jpg,crazing
rolled-in_scale_rolled-in_scale_138.jpg,rolled-in_scale
crazing_crazing_167.jpg,crazing
crazing_crazing_165.jpg,crazing
crazing_crazing_199.jpg,crazing
patches_patches_188.jpg,patches
crazing_crazing_33.jpg,crazing
scratches_scratches_159.jpg,scratches
crazing_crazing_162.jpg,crazing
scratches_scratches_52.jpg,scratches
rolled-in_scale_rolled-in_scale_162.jpg,rolled-in_scale
pitted_surface_pitted_surface_117.jpg,pitted_surface
crazing_crazing_176.jpg,crazing
crazing_crazing_141.jpg,crazing
patches_patches_108.jpg,patches
scratches_scratches_216.jpg,scratches
crazing_crazing_98.jpg,crazing
pitted_surface_pitted_surface_80.jpg,pitted_surface
inclusion_inclusion_196.jpg,inclusion
inclusion_inclusion_67.jpg,inclusion
rolled-in_scale_rolled-in_scale_234.jpg,rolled-in_scale
inclusion_inclusion_131.jpg,inclusion
patches_patches_172.jpg,patches
inclusion_inclusion_133.jpg,inclusion
inclusion_inclusion_140.jpg,inclusion
pitted_surface_pitted_surface_158.jpg,pitted_surface
pitted_surface_pitted_surface_18.jpg,pitted_surface
pitted_surface_pitted_surface_188.jpg,pitted_surface
inclusion_inclusion_66.jpg,inclusion
crazing_crazing_99.jpg,crazing
rolled-in_scale_rolled-in_scale_61.jpg,rolled-in_scale
scratches_scratches_156.jpg,scratches
crazing_crazing_77.jpg,crazing
rolled-in_scale_rolled-in_scale_232.jpg,rolled-in_scale
crazing_crazing_76.jpg,crazing
pitted_surface_pitted_surface_33.jpg,pitted_surface
crazing_crazing_185.jpg,crazing
rolled-in_scale_rolled-in_scale_128.jpg,rolled-in_scale
pitted_surface_pitted_surface_70.jpg,pitted_surface
inclusion_inclusion_36.jpg,inclusion
patches_patches_85.jpg,patches
pitted_surface_pitted_surface_40.jpg,pitted_surface
scratches_scratches_39.jpg,scratches
crazing_crazing_19.jpg,crazing
inclusion_inclusion_211.jpg,inclusion
rolled-in_scale_rolled-in_scale_189.jpg,rolled-in_scale
inclusion_inclusion_123.jpg,inclusion
rolled-in_scale_rolled-in_scale_200.jpg,rolled-in_scale
inclusion_inclusion_216.jpg,inclusion
pitted_surface_pitted_surface_192.jpg,pitted_surface
patches_patches_209.jpg,patches
crazing_crazing_58.jpg,crazing
patches_patches_22.jpg,patches
rolled-in_scale_rolled-in_scale_186.jpg,rolled-in_scale
scratches_scratches_158.jpg,scratches
rolled-in_scale_rolled-in_scale_69.jpg,rolled-in_scale
pitted_surface_pitted_surface_209.jpg,pitted_surface
rolled-in_scale_rolled-in_scale_108.jpg,rolled-in_scale
rolled-in_scale_rolled-in_scale_76.jpg,rolled-in_scale
pitted_surface_pitted_surface_75.jpg,pitted_surface
crazing_crazing_78.jpg,crazing
rolled-in_scale_rolled-in_scale_41.jpg,rolled-in_scale
scratches_scratches_49.jpg,scratches
pitted_surface_pitted_surface_32.jpg,pitted_surface
patches_patches_182.jpg,patches
pitted_surface_pitted_surface_55.jpg,pitted_surface
crazing_crazing_34.jpg,crazing
crazing_crazing_183.jpg,crazing
crazing_crazing_230.jpg,crazing
rolled-in_scale_rolled-in_scale_96.jpg,rolled-in_scale
rolled-in_scale_rolled-in_scale_130.jpg,rolled-in_scale
patches_patches_99.jpg,patches
crazing_crazing_35.jpg,crazing
scratches_scratches_25.jpg,scratches
rolled-in_scale_rolled-in_scale_160.jpg,rolled-in_scale
scratches_scratches_95.jpg,scratches
scratches_scratches_178.jpg,scratches
inclusion_inclusion_63.jpg,inclusion
pitted_surface_pitted_surface_122.jpg,pitted_surface
patches_patches_74.jpg,patches
pitted_surface_pitted_surface_63.jpg,pitted_surface
rolled-in_scale_rolled-in_scale_25.jpg,rolled-in_scale
crazing_crazing_39.jpg,crazing
inclusion_inclusion_7.jpg,inclusion
crazing_crazing_9.jpg,crazing
crazing_crazing_119.jpg,crazing
crazing_crazing_55.jpg,crazing
scratches_scratches_192.jpg,scratches
scratches_scratches_237.jpg,scratches
scratches_scratches_147.jpg,scratches
pitted_surface_pitted_surface_81.jpg,pitted_surface
pitted_surface_pitted_surface_205.jpg,pitted_surface
crazing_crazing_85.jpg,crazing
pitted_surface_pitted_surface_152.jpg,pitted_surface
inclusion_inclusion_118.jpg,inclusion
inclusion_inclusion_90.jpg,inclusion
rolled-in_scale_rolled-in_scale_8.jpg,rolled-in_scale
crazing_crazing_75.jpg,crazing
patches_patches_79.jpg,patches
rolled-in_scale_rolled-in_scale_239.jpg,rolled-in_scale
patches_patches_235.jpg,patches
scratches_scratches_162.jpg,scratches
rolled-in_scale_rolled-in_scale_141.jpg,rolled-in_scale
scratches_scratches_226.jpg,scratches
scratches_scratches_218.jpg,scratches
crazing_crazing_195.jpg,crazing
patches_patches_160.jpg,patches
patches_patches_220.jpg,patches
inclusion_inclusion_24.jpg,inclusion
scratches_scratches_129.jpg,scratches
scratches_scratches_3.jpg,scratches
scratches_scratches_47.jpg,scratches
crazing_crazing_143.jpg,crazing
patches_patches_69.jpg,patches
crazing_crazing_189.jpg,crazing
scratches_scratches_146.jpg,scratches
patches_patches_173.jpg,patches
rolled-in_scale_rolled-in_scale_101.jpg,rolled-in_scale
rolled-in_scale_rolled-in_scale_24.jpg,rolled-in_scale
pitted_surface_pitted_surface_230.jpg,pitted_surface
scratches_scratches_43.jpg,scratches
crazing_crazing_182.jpg,crazing
inclusion_inclusion_112.jpg,inclusion
pitted_surface_pitted_surface_180.jpg,pitted_surface
scratches_scratches_240.jpg,scratches
rolled-in_scale_rolled-in_scale_227.jpg,rolled-in_scale
inclusion_inclusion_225.jpg,inclusion
crazing_crazing_31.jpg,crazing
crazing_crazing_13.jpg,crazing
pitted_surface_pitted_surface_231.jpg,pitted_surface
inclusion_inclusion_78.jpg,inclusion
inclusion_inclusion_205.jpg,inclusion
patches_patches_221.jpg,patches
pitted_surface_pitted_surface_44.jpg,pitted_surface
scratches_scratches_40.jpg,scratches
crazing_crazing_92.jpg,crazing
crazing_crazing_152.jpg,crazing
patches_patches_43.jpg,patches
crazing_crazing_128.jpg,crazing
inclusion_inclusion_129.jpg,inclusion
patches_patches_231.jpg,patches
patches_patches_52.jpg,patches
inclusion_inclusion_8.jpg,inclusion
scratches_scratches_64.jpg,scratches
rolled-in_scale_rolled-in_scale_182.jpg,rolled-in_scale
crazing_crazing_187.jpg,crazing
inclusion_inclusion_230.jpg,inclusion
rolled-in_scale_rolled-in_scale_114.jpg,rolled-in_scale
scratches_scratches_132.jpg,scratches
patches_patches_8.jpg,patches
inclusion_inclusion_61.jpg,inclusion
crazing_crazing_147.jpg,crazing
rolled-in_scale_rolled-in_scale_68.jpg,rolled-in_scale
rolled-in_scale_rolled-in_scale_201.jpg,rolled-in_scale
inclusion_inclusion_99.jpg,inclusion
pitted_surface_pitted_surface_86.jpg,pitted_surface
patches_patches_238.jpg,patches
rolled-in_scale_rolled-in_scale_194.jpg,rolled-in_scale
scratches_scratches_90.jpg,scratches
patches_patches_139.jpg,patches
patches_patches_191.jpg,patches
pitted_surface_pitted_surface_162.jpg,pitted_surface
crazing_crazing_234.jpg,crazing
rolled-in_scale_rolled-in_scale_70.jpg,rolled-in_scale
patches_patches_175.jpg,patches
crazing_crazing_175.jpg,crazing
scratches_scratches_89.jpg,scratches
crazing_crazing_81.jpg,crazing
patches_patches_54.jpg,patches
scratches_scratches_202.jpg,scratches
crazing_crazing_222.jpg,crazing
scratches_scratches_10.jpg,scratches
rolled-in_scale_rolled-in_scale_89.jpg,rolled-in_scale
crazing_crazing_213.jpg,crazing
inclusion_inclusion_236.jpg,inclusion
inclusion_inclusion_167.jpg,inclusion
crazing_crazing_156.jpg,crazing
scratches_scratches_11.jpg,scratches
pitted_surface_pitted_surface_201.jpg,pitted_surface
rolled-in_scale_rolled-in_scale_217.jpg,rolled-in_scale
inclusion_inclusion_20.jpg,inclusion
crazing_crazing_16.jpg,crazing
rolled-in_scale_rolled-in_scale_39.jpg,rolled-in_scale
inclusion_inclusion_228.jpg,inclusion
inclusion_inclusion_238.jpg,inclusion
rolled-in_scale_rolled-in_scale_100.jpg,rolled-in_scale
scratches_scratches_197.jpg,scratches
scratches_scratches_153.jpg,scratches
scratches_scratches_6.jpg,scratches
pitted_surface_pitted_surface_150.jpg,pitted_surface
pitted_surface_pitted_surface_1.jpg,pitted_surface
patches_patches_29.jpg,patches
patches_patches_55.jpg,patches
patches_patches_144.jpg,patches
inclusion_inclusion_1.jpg,inclusion
scratches_scratches_18.jpg,scratches
patches_patches_187.jpg,patches
rolled-in_scale_rolled-in_scale_54.jpg,rolled-in_scale
crazing_crazing_153.jpg,crazing
pitted_surface_pitted_surface_43.jpg,pitted_surface
pitted_surface_pitted_surface_174.jpg,pitted_surface
inclusion_inclusion_171.jpg,inclusion
pitted_surface_pitted_surface_232.jpg,pitted_surface
rolled-in_scale_rolled-in_scale_115.jpg,rolled-in_scale
scratches_scratches_46.jpg,scratches
rolled-in_scale_rolled-in_scale_63.jpg,rolled-in_scale
crazing_crazing_240.jpg,crazing
inclusion_inclusion_232.jpg,inclusion
patches_patches_216.jpg,patches
